Timestamp,Name,Year,Image URL,Image Source,Link URL,Description,Latitude,Longitude,Address,Neighborhood
11/5/2015 2:51:30,Mission Hill Saloon,2006,https://cdn0.vox-cdn.com/thumbor/zbxGdpNAyCyxs4DW5lmvX-3BkcE=/0x4:586x444/800x600/filters:format(webp)/cdn0.vox-cdn.com/uploads/chorus_image/image/38797670/Screen_20Shot_202014-08-12_20at_209.20.27_20AM.0.png,http://sf.eater.com/2014/8/12/6172099/mission-hill-saloon-robbed-at-gunpoint,https://www.facebook.com/MissionHillSaloonSF,"Cash-only joint with a jukebox & a pool table serving beer & shots in basic, old-school surrounds.",37.763273,-122.407186,"491 Potrero Ave, San Francisco, CA 94110",Mission Hill
11/6/2015 19:42:45,Shotwell's,1891,http://www.shotwellsbar.com/images/front.jpg,http://www.shotwellsbar.com/,http://www.shotwellsbar.com/,"The first known owner of 3349 20th Street was Ms. Marie Grother. It is not known if she was a widow or a single woman owner.
1891: 
Two German immigrant businessmen rented the property from Ms. Grother and Schlicht-mann & Bredhofy “Grocery Saloon” opened their doors. Many German immigrants ran gro-cery stores in the West during this time, often with a “back room grog shop.”
",37.758756,-122.415626,3349 20th Street ,The Mission
11/6/2015 19:43:39,Gangway,1910,https://nthp-savingplaces.s3.amazonaws.com/2015/07/31/15/48/00/298/140605_blog_photo_HistoricBars_TheGangway_FrontAgain_ibison4_Flickr.jpg,https://savingplaces.org/stories/gangway-san-franciscos-104-year-old-dive-bar#.Vj0BoCssNB8,https://savingplaces.org/stories/gangway-san-franciscos-104-year-old-dive-bar#.Vj0BoCssNB8,"One of the City's oldest gay bars with a rich history of activism.  C.f. https://savingplaces.org/stories/gangway-san-franciscos-104-year-old-dive-bar#.Vj0BoCssNB8 viewed Nov. 6, 2015",37.785808,-122.418167,"841 Larkin St., San Francisco, CA ",Tenderloin
11/6/2015 19:44:02,Elixir,1858,http://cdn.funcheap.com/wp-content/uploads/2012/08/elixir-bar1.jpg,http://sf.funcheap.com/elixirs-cocktail-club-ron-zacapa-rum-tasting-mission-dist/,http://www.elixirsf.com/,"From 1858 this has been a saloon, but during Prohibition is was known as a ""soft drink parlor.""  ",37.764988,-122.424386,"3200 16th Street, San Francisco",Mission
11/6/2015 19:46:09,Homestead,1902,http://farm4.static.flickr.com/3375/3267537269_ffaeaf460a.jpg,http://brokeassstuart.com/blog/2010/08/02/sf-1-beer-at-the-homestead-tonightagain/,http://www.homesteadsf.com/,"Neighborhood bar with a fireplace and peanut shells on the floor, a broad whiskey selection, and Prohibition-Era decor.",37.761,-122.415,"2301 Folsom St, San Francisco, CA 94110",The Mission
11/6/2015 19:46:29,The Saloon,1861,http://www.hiddensf.com/wp-content/uploads/2013/08/sf-north-beach-saloon-1b480.jpg,http://www.hiddensf.com/101-north-beach-san-francisco.html,http://www.sfblues.net/Saloon.html,"SF's oldest saloon, blues bar, saved in the 1906 earthquake",37.798699,-122.406989,SF,North Beach
11/6/2015 19:46:34,Alembic,2010,"data:image/jpeg;base64,/9j/4AAQSkZJRgABAQAAAQABAAD/2wCEAAkGBxQTEhUUExQWFhUXGBgaGBgYGBgaGBwcGR0XHRwaGh0YHyggGhwlHRwXIjEhJSotLi4uGB8zODMsNygtLisBCgoKDg0OGxAQGiwlHyQsLCwsLCwsLCwsLywsLDQsLCwsLCwsLCwsLCwsLCwsLCwsLCwsLCwsLCwsLCwsLCwsLP/AABEIAMABBwMBIgACEQEDEQH/xAAcAAACAgMBAQAAAAAAAAAAAAAEBgMFAQIHAAj/xABHEAACAAMFBAYECwcDBQEBAAABAgADEQQFEiExBkFRYRMicYGRoTKxwdEHFCNCUlNigpKy8BUkMzRjcqJz4fFDk7PC0mQl/8QAGQEAAwEBAQAAAAAAAAAAAAAAAQIDBAAF/8QAMREAAgIBAgMGBgIBBQAAAAAAAAECEQMhMQQSQRMyUWFxsSKBkaHB8NHhBSMzQlJy/9oADAMBAAIRAxEAPwDnMmUUUdUMtBkQPI7oJlCW+QAB4EAHu3GJLHaUdQK50Gsbz7EDFkk9hG3HcFm2Eagaco9Itqj01Uj6QAr3jf3eEYnyJhGHEaefedSIzcdgBnlWGIKhah0riUD1mOVp6AlTQ07NmScICKxq5BwgqEw0pWmXWPo+UWkuyI08v0cshMgMqFjl9HOmcVsicJZeZlkJtO5kUDxAEWVmkETLIvAu7c2MqZr4+cB7gS0LWXZZOhlqp+0i+RzUnkDWCP2dK+rT8C+6CBGq2ddwpyUso8FIEPQgDabvSoAly8wc8IqNM6U0ArnxwjfFZe+zMqYuSKpHosoA7N0MyIBoKfrfxjScBQ1NBTM1p57o6kFOhMu23fFWEm1ylKaJNCKacjlmPPt0hwl2WSwDKktlOYIVaHsyga32NGQ4yuA64yMPiefOF2xmZZX/AHfFNktVmSjFRSnouQBXPKle+FqgvUblsUr6uX+BfdGfiEr6tPwL7oAu+8WtCkyzLShoQ2J5g5MvUCnXewgsWIH+I8x+RbCvhLCgj+6sMqYrsHtcqzKaMJQP0cKl+5QMR7hFLNsUp8TS5YoDRg0vCdN6sAR3gQ0yZaSx1VVFqK4VoO04RnAtiuzolZekE7E7OZgFAcWgAqdBQZkmoPGDSZydAuzl4SpbBZqoZdMOctCQScjWmuZBrkRQ5EHE8/EZH1Kbv+mp17AfGOf3ld9MwMjqIO2X2maUwkzzWUxokw6ox+a/FTuO7OAtNGdJdUOv7Ok/Uy/+2vuiklWKUbwnIUTB8VkOBhAAYzbSpIpxAWvZDLFIuV5Nzsaf4zpn/wBQ1ISywF2Sfq5Z+4nsEZ/Zsn6mV+BfdBVYxQco6kdYKbuk/Uy/+2vujH7Ok/UyvwL7oKIjXDBpAtg/7Nk/Uy/wL7ox+zZP1Mr8C+6NbwvGTIFZ05JQ+26r+bMxR2nbWTQ9Cs6eeKSiqfjm4VI7Kx1I62X37Nk/UyvwL7o9+zZP1Ur8C+6KHZbaprVNmSpknoHRFdQXxFlLOpOQAFCFyz9KGaDR1gxu2T9VL/AvujBu2T9VL/AvugqsYMdSACG7ZP1Mv8Ce6Nf2bJ+pl/gX3QYY1MdRxQbTXfKFmmUlSx6OiL9NeUegnaj+Wmfd/OseieTcrjeh8/m7hhBUkGgPKPSrXNlelmviPH3wPIDKBgcjL0W09xghbxKn5RSOYzHh/wAxj1TPVqEkWNlvGW+vVPOLjZ2z1nTT9hB+Isf/AFhY+LS5oJTLOnDnpv1iSyWq0Wc1QkjhrlwI9mcWjmfUzT4b/qNFokliiDR5reBmmYO6lPCGgL8unITD+VfbCrs5bOnmySVw0r/iNYa7OPlhylt5tL90OtdTO1WhZKIkEaiNwIYWjwir2ku9p8hkU0bIqeYNRXlFsBG2GAFIqrgukS5S4wGm5kuRmK/NUnMAaZU7Is5kuuvjEyLEgWO5g8orXjchD9NJYy5u4r6J5MDkR2xJdF/CYRLnr0M7QA5K9PoH2eEMTSuHhuijvq5knAqVPGopUHdqc4HmjmvEtFbMjhGwhZsl4zbNRLRWZL0E0DrqB9IfOXzHOL0W2XQNjUhhVSCDXspmYdOybjRNMSsUl52DUgdo4xbfGCfRRjzbqL/l1/8AGJZVhmzchSuWSivcWbd3CObQYp2UewW2iic1jnTKqKLJZqZEFqoTvFMIH9pEOUw0vFedkfynJ744BtFd5lTnGDAVNCBuZcjoaA14Q27E7X2udaZCUlPMSRNlK05zLUgtLYFiqsSwwgUA4mo3CMug2TE4uzsF43rIkCs+dKlDd0jqtezEc+6Ka0baSACZSTp1N6yykv8A7k/AhHMEwr3LYVV5zukvpjPtAmMi6sJ0wHCT1sOWVdwiW+LL04Qo6gK0yr1BoCjoaZEE1IqMtDmDSLcrqyMacqf1LK37T2rAziXIkIoLFnZpzUHJcCV5YjFLelsmkS3n2me8pmGLCwkqmJThOGSAxBJw5saVEDzJUpWfpJhLHCR0Yz0mKZairEgBZgAwgjQEkZT3tMdMMmVQg2eYyg5tilYMJFVbEc/RIzI1gfviUWPVL+un4BrAEWaU6FBMBUO+AsQTLluQWqzEkswBYj0TXTNkVIoZlun5Dqplo9Fc0MqlMZqSymZXLIgb9YzZJ0xetMmGqYThGpD4gflRLFCKA0OYyypm0ZMEsae7S+5bXQcN7y/t2R1/C+KH6OYWWZ0FvsLMoC0nS6LmavTdoBib6R39/S5U3EK6ZkZ8VJB8xAZI3jxMYj1Y44wTGsZjEcAqtp/5WZ9386xmMbT/AMrM+7+dY9Esm5XHsc/Sy2efLlpMALlVz0bQZVXWld8c8vSQEmzUUkqpIAJroxHqEdSued0kpCyUK4Rnnoqmoy56Ry29Gq8w8SfNmMNxKXINwrfaVZm7MmK/ZU+GsXlnlDoDMOvS4RXSlBl41ikIwzU5jD5e+kW0i2VkrJIIKuzVOlDizB36xhR6bvRFzsmPlwPoyzlwACgEw22QfLNyQebH3Qo7DITOnsfoKB6vYIcLF/Emdiet40LYxZF8TLACNwI1WN1EGxUjYCJFWPKsSKIRyHUTyrEirEVonBEZznQqKca1Jp2KCe6CZeYB4xLtE20uhXkaVkeGKG3WieLUstFHRslcZUkKQTirQgnKlADnXlDLgiKZKhlOmBwTKefYMVcbM3LJV8FofEmF6dYp1lczLPQqaY5TVo3MH5rcx4Q5zFgOcn/EWTshJUV113tLng4DRl9NGydTzG8cxlF1dt4tKNV35GE29rjLTOmlko4GTKSHBBO7RgR26b4xde0LluitCiW40mYG6JgN5atEPblBeqpirTVCnfd8/G7RMdlUMWNQBReGQqeEU1ss5lMGQkZ4hTVaU0MSrJCzpgcqKucq4m9IkZLWm7I0iznquOXkSTi4Aab9Y6EfhotOVsubjtLz5Mubj+XWbOcsqljV3zxKoJoyl+VSIsZFynepZRiorkKACZ2QIxmlJpqCBUohqKUiXZ6xPJlmW0tpeeLAwKnr0aoDVIBqNd9chpF1i5er3xojBPVmV5ZRuMQKXdANMRXJUUUWrUStM5hZS1SxrgBOIwb8UX5xZv7mNO9VonlG4fkfL3x7pP1Qw6VbE3NvcyktV9EKvJQB6oyWgedaABUmnbUeuAJ1/SF1mr3GvqjtBabMXyB09kNK/KlaccYUU76Q6bN2gvJqWLHEesQATUK1SBprplHLL02hlPMk4Dmk1XzqK4cVByBNBWGWy7YNZ0JazNh5zDlViQP4f2qdgESlJFY45NaHQ6xgxWbO3wtrkLOUYalgVrWhB5gaih03xZQVqI7WjPRgxoJq4itRiABIrmAa0JHOh8I2gilXtP8Ay0z7v51j0e2n/lZn3fzrHojk3LY9hNuVx0CMGyC5ggVqAB7PKOW2gVz44fbHSDaGEg4hSkgnlkm41BPhHM5Q6g7cu4CDxL+FD8JH42w2zWB5uQIxKFcFgda7yIOSVNFekl4QNWU4kNNdMxEl1fxDTgvLSvlFnaZ4A4ihHLPdl+tYxI9StQzYYVWc3E08GMM92+k/3fUT7YX9iZFJL8DNNByr/wAxf3O1Q5rWrD8ie+NCMEtyzUxKsRARKogM5E6xKsDhoIpSJtPcomgO0W5HKS1IORNSCVxuQmE0zACsoLCtMXhFPo0hK1qk+Shz3rMKkGmsGNZgQQOrXeNx4jnFfabE6qwDN13Waz4TM+URsXoChCtvC10yAqTGB43B816Wve/Y1qSaosLytzy2l4ZfSY2ZcCmj9VcRK4sjkD1d/EaRNY7Yk1Qy1FcQwsCrgqaMCpzqDr2wu3pbHdJbzgZay5jF5koscKlOrNJwkopNOq4rQGtAYmvKeKWGYkxZuCaTMmKQQwMtEdyQfotWOjlfXawOBeTFgOaIrJN/zHM0pL6VfjTSZSKVVyiyRMDLXJy1GIBIrUUMHybZLmgFGBxIr00YK/okrqK0Iz3g8I24sikZskGiosdjmY5pmzGKl6ywCRRe0Z8BTTq84GvW5pcwUZRTfl1SOfBucXrLEbiNW5lehw23rMS0TF1KuVAY1NAcIFeQpFxKtAPQGuYJB1JBwHhnrEW1iBbdPpkMQPiEJ8yYFsizJryxiJqyhVFASTkBUUpUmmvfAjdui0noh4um/CAwnNMcg0WoJOGikCppliLamsHTb5fKkkiuhd1UeVYVJYSUSrL0bq1GVgQwI3ENnUcDG9ltCzXwpV2wljRWNFXMk5aDeYe8n/FqvS/yT7ON2y9k3xPnNgkBHelSqYWIHaXw19UGpcduf05gTkXA/wDGD+hCdNs7ynWdJJRlIOW7mOII1By7o6VsztCtrTcs1R10z/EvFT5aGFXM3UpP2OyY1Fc0Vp7FKdgy5Bmz8s6hVYk/eZgP8YMs2wtkWvVdwdzMAv8AitfMw0U/X6pHiIfkX7qS5mUJ2Tsm6SgNCoIAJXERVgXxHEKZHdnlmYo7JeTWmcLNNFFZyCRhrVKsNVpqo8YeWhBsyiXbMWEV+NhcVTUBnK0ppQ17YLSHi2POwt19BZQKkl2ZzXKgOSgDkoXthghHm7UzJD9HhllUxZUfHRSwGhpXLLjTSL27toVdazAENeqAQ2IUHWFNO+HjHoiGSVNthlaWk/akj/F/94OigtF5fLynVTQpNXPImhQ1A4awR+1GNcgp3Uzr45foQ7g2S7SKN9ph+6zPu/nWPRttH/KOeIT8yR6M2Tc049jltg2jmKi/JgkIAM9chrlXcN57IV77mYprPhCY2rhFKDqqNwFdDugCzX6ygA1oKc/XU+cSNb5c0iuLFloKD/29YjPPJKSpno48eOLuJb2NqMx5jyH+8TNOBU/rXzgSympf+73RI6U1MKjT0GbZSeqoUaqsSSCT1WzIwippUZeMMdynqvTP5Rh+HCvshbuJ2FlsziX0tS9RiAPXoAesM+zLWLmzbRSGUO2OUDvmIVGtM2FVGeWZEVR5zWperEiwLZpyuMSMGHFSGHiInV445E4iSXWgFagaRCrROsI2OiZDE6iIEMTpEZFYms2yKxBzDDRlJVh3jOnI5RXz7iTAEWioEmKFAA601Sruxp1iQQe0V3xcLHj5RneOL6FVJibPsLK1OjmdELRLmfJE9KiSrOsgMoU4y2JA1EDVUiu8RHYWIloKsMUqRKLCqvg6e01ZSRVWcAUNARjyoYbbTKDaisVdrsCnFlXEFU50NEYMoU6rRgGB3HPjA7GW68vt+foByVUQ2RHCAOasCwxaYgCQrEbiVwk8yY2YRtZ5OBACWY5kljUksSTXIbydAI8wj1Y7Hnz3OP7bL+/zhxCn/BD7IHuE0m2Y8J0k+ExYO2/l0trsOCeaKIrLvmYcDfRYN+FgYfH3mHJ3Ud92x2Ys9tRjNHXDlZcxP4i0xA1GWJQwPVY0FCQRSEPYvZudd97SOmp0biYsucD1HqjUAJzDZeic691evWtFxgA0xB9DqSWJqO3t3ikZ+LpMl9HNRSmeIHNd538Na7t1IxRnWnQdoTNqdiw4M2yrR9XlaAnOpTcGyOWh5HXmYktKmh0JR1JoaUKneCDu3FTHc+hm2aubzpPHNp0unH61Rx9MAfP3VO02y8u2r0shlE0iob5kwcGI37g3ca7rKdqpfJlMc+WVpeqZSbP34toWhos1R103f3JxU+Wh3Vtv1+tI5hOL2aYwfFLmSs9KsuRoKaMpoeR9T9ct6CemYCTAAXWtRnvU5VU8fGKxm9pbnZuGil2mLu/ePk/LwfX1LFhX9f8AMJF4ym6aYVlzT8vKcES5lOo6s27kYeAP1+qxVzL+s6sVaZRlJBGB8iMjoucM5UJDHfQTNqZ6i0sQTQnerDKpJIBQ0PW3jhBdrvmbJk2cSXwq0kGuBcRNWqasPLdGm1FsSZODSGJJQVYBx6JIIoRWtGU6Z4RwgqxSZToDNly2wNMwl3ZRRnZ8lUUIqTnyjRhdsxcTFR38Qy5Lc04yGmNjPSTFOf0pZOYHYacoIW9h8YZGKKqllzw5FdMyAQTzOedNICtVUCGVLRBjFDLksgLEMqjFoxNTSIbPsxPIA6Fhn89lpnvzavblFVHxZmnJLWMdx0v1q2Jj9mX+ZIxAtssrSru6NqVRUXLMZOtKd1I9GLL3jZh7p88CUpGufAeuJrGERgeY1rpUE6CBzIbCDQ0I1oaeMS2Cz4mp5CornplyiLh0aNqco6l3ZLUmfWHpV3Vp3wbbcOAsp1BrC/NslOtnhNaZ1GvPWPXSSUnHgo9TQso0ikMzk6Z1bZCX+52cfYHmBAG1BCXW5pl1POapi22aWllk/wCmPVFNtqf/AOUefRfnUw3Qzvc51ZrwVTiR2ltxFVP4lhjsO2FrQdWas4cJlG/yXrecIhMbSpdTllSJ0Gzrdg+EFchPkFTxlsGHg+EjxMMVh2qskymGeqnSkz5Pw6SgPcY4YjzV0YntIP5olF4OPSQHy98c7CmfR8p8gdRxGkEJMHZ2++PnO778aWfkpk2SfsGg7wDn3iHK7dvLZLoHKTh9tQGPelPUYRxZRSR2NWjJMc/sPwkSTQTpMyWTqUIdR2+i3gDDJd+1FknUEq0yyfoscD/heh8ok4spaLaZAs2JZj7yPDOB2mA74pASRC/bnw9sQkxLNMUthtYd5mKgIZ1bUUwthGvIDONKZmaEL4RBS1N/ZL9VPZC6v8JwNQp/9qer1Q0fCJIJtOW+Unrb3QmuWSuRz5VFM6w0ZcsrGkrij6rkMCThOXSEkH7VCcJNd7Vyoc6QUma5DPFQgnSoz15RwvZX4XJsmi2qUJy0UdIlFm0XSteq9M9aamOpXBtZZbUvyE4Oc6yyCJ1DoCpz3nMVEZHBrVHJ+I12Q9XvPviptVhaW/SSqBmPWU16NzXIsB6Dn6YHDEGoKWN3TlK0BzGtc9SfLhyifOvL/iFTaCc6+EmXLnWRpmDDaJJAIYdcIwbqN9OWxAocwSKg1GSvZaqVKkqVNVbgd/aDvEdbv655NqTo5oO8BlNHWo3HwyOR3iOd3rcb2dxLZgcgVYfOGmY+actPOLLIqo9L/HR558qevg9muqDbNe6zUYK1JiAF1BqRXcK7jx1oRvio2jvOfKnBJTChUGhRWNasNSK7hFSj/FZkxnU9G2TnUgkChoNR1tOBMD2K6LRbbVOxTnEqUz45jMxCSwzHQa5Vou/lDdrHZjz4KUZPl2t9bpJ0G7VmvQTiHBaUjHAAcRNDmMshQ5b8XIRDck+zTDIScwVVmNjM0iWGl9Gowsa0ILbsWYDVyJBsrXaJEro0W7GmsEUYpvSDFSvWCZ0B5mu7dG0m75Fpk9FOsjWRlP8AMYcKVOdJvSYaZNkAa6U3QseIfgNk/wAUpK22vp/N/a/IZL1veROlN0M+XNMtpbt0cxXp1qAnCTSL2YwGvdxPYNTHMrtuFrHaLXIJxVs4YGhFcMyUw9ZGRI1zNI6DdJHRg7yWqd5ozb42wlzRPC4nh3haT/dE/wAge1doK2Zx0btXDmuEgdZdetWPRJtM37tM+7+dY9E8m4mPY4ZKtAmSCBLEvBJUNQsQ5zIejeiSMOQNOyBblA6RidAK15ANWGuddiy7qlzwgLnGjnQ9GBJAPMq5B7GfjCndcrFj+iASw46kA8t57o18XfNFdUq+7PQyKlTLbolNjlGopgH+4MUF2tSTOprSte5hB0+aZcgJ81lBHJsIr+LXtrxgSwD5GZzNPGMOZksPe+vsdguhcNnlj7Hvhe2+NLrXmZI9vshksi0kr/Z7IWPhINLuljjMkj/Bz7IVkzlwBIyFaRmzHrd3nrEa8YnmKcR13awgxYmz8D+t0azLOYtpd0z+i6VpMxUAUFnUrqaD0qE1OQpAxAopOlaeuGVNaAS8RbUdde0esQy09ZhfUVnADTGKfihmtvydKrWrMPDthGhkBJaDQZa4NPtCvlEqOGANNY1NolnVSO7/AOY2SZL0VwBwOXrgUGw6xXrOk/wp0xOSscP4T1fKLmz7d2pRSYJU4faXAx706o/DC0FroQY1aWeEANjzZfhFs7ZTFmSjvoRMX2H/ABjNovYTXxWS02dsVMUtxRjmM9Q3DLLSOV2haM3afXEDmHsVo6XtrJZZkssMmlUBpSpVmJyqaUxLv3wuMsL8q2MCqmY4QHQdagNK4VY0ryyg2begD0Qs6ZZuio/PJGI84bnGi1VBnxBWrlQwK9gdTVTmMwQaMOwjSCLPb1ypUkmgAFTU5AU1z5QRMm4WwtVG3q4KN4PQx1pjOKGDZv4UrdZCFm0tEvSk3JwPszAK/iBjqmzXwmWO10UTOimk/wAOdRddyt6L9xryjiCCpzFRAloutDpl6vCA4WJyVsfVDv16ZajzEKW3loWU8ksMyrUzOEgMNR3jPURxm49o7fYqLKmGZKFKSphLS8vognEn3CIb792s+PJIZpJlOgbEMSupx4CMJGeWE5EDXfE+yZp4PJyZVJr9onnXxLmmcFkpn0QKsxJFQR0inWvVpmN27eHOv5ZCpIkynmy1mrMeZJDETqLVVbI0NWAcVOmUL17SnIWZLJDg0qNQD7z+UQ0XPtWtnkolqx4lAVSisylQq4d5INBoeGUI4Jumb3ncPijtb389f367gFo21tSy1Eyy4RmKlJ0sMSQz6FalqCu/0tMRgO9tp7bbFwdFRahqIrAnNsIq7EkVY0HPsAur82gk2qzzJckTGmZFFMt+sQR1RSpJIrpCZZkbGwlocQIDdY4lKkE5MBhYEHfXKLwivEyZeMyVpX0H6x2m3qipa5SKiSJktWDS2mEkKUD4WJIAUivPfF1cl7KstVeo62EHKhLUIHEtmcuULN6zQWnsyUcliVA4nEtGAocsJqCdeMLe0V4lXljFhVGxKQMQxjDmewEZdsaoKMEzzuInLNy2/HpXgdZ2n/lpmX0fzLGY5xspeNqmWWbLbrWdAoD4lqtGlhEVaE4aDTIb6mor6Ek7IRVWiW/54W6LNLHpTEm0HACbKqzcAAlO1gN8JNysBLncpTH/ABaHG/pBSwS8TFmezyTQ+iil5hCrlyJJNST3AItmU9FMYGlEYHmpABHnUcxG3iv9xfP3Z6vFX7+4ZtJQIi78C+QEB3cPku2Yo81je+5bek3pECo+iNy92/nWPXUvUlj+ov5hHn5tZGXD19GdgUUlfc9kKPwnH9xkD+rL8pcyGx8pTcl9ghR+FL+Vkj+qvkjwrERzCkEWCeFYEioDKTzCkEiIMIrrHpcTDR0q37ZfHZJlBWXC6uakZ0ruFdK113RRvZqBhwKsOytD5Uigui0YJw4N1Twz4w0r1sJzFay2FdCRl5xTDCMY0iWRvmsULOn7yo/rAf5w07aSsKS+cyZC7ZhW2pznp5uIc9sJNRJUsiBpk4YphomWeZoaaUHMitIVlVuIgmHn4xtKapNa7vbBFtu7o1DmZKIJoAjozeANac4HkDOOTOZuAImspJdRU5sBSpiFfb64LuxazpQ+2vrggB71l0dxwdh5mA59mdfSGWWdQRnppxi2v9Plpo/qn80DXtKZag+iSKHKh7OysI7vQqkqbZXTtT+t0SWOUWYKurEAdpNBGs3U93qEG3EPl5X+rK4/TXhnAk6BFWTXhZejVUaU6TtcdTQjhQqCCDwrA4sbtmc+2ph++EhMKoKZdLiJzpiKFcifRyT0amFxWFIyLM+ROtz08HCwyTak9kgS5pZXGOz2w+JsvLedYESaUFqlMSSMVGSUJmVToST4QmWU9Y93ri+sG0nRtd81lPRWcmWWzrVpfRk5imEGp1rRTxyrzZHTj539P5MufGsbaAp9jcO6gYik3octS5YoKVyzYcd8ShytVYEMpoQdQRkQe+CXngPbW3raZUwd1omE+QgfaGZ+9z+cyvjQxojkd/IjF6lxshNW0u8lXXCwxk8CgagodK4my305QLfFoSW05HlhlaXLKuAcSkHIjMDCQTUHPIUha2UajT1pqhyIG4Pxi02ntXoGmTyQO/Cp0iUoN5Oa+lfc1LJ/oNPxv7V+QW2TzkyuTLdBhNTVTkBnTFqMjTfyi5mTvjJkC0BS0oqmPo1VjQipYDJz2+2F+yKploSP+kacijzh7oGkyWmTEINAEz0GdXAyJHI15Q0pLmt9CEMTlGobvp9jqHxmyTOklramRCpo7yZkxiSSCCqBSaVPlCrfNh+MSWeSvWlHEWLBSRgzoD6RbACFH0e6ILrmSlXFOmTDNBdcIBNSUqpWYWwhloTQ1riByEY2kntIJVCorQVCilFxVI1UMMVKjPWhjTDarb9TJJSetUHbIzFcT2E0qxkyx8XCuUCI8pUfG7HEQBpTLEaHcPQbcd9MbAZZHSEJLowXRSVYKWOtKgU3ZDUR6GrREFuz22rj4vLX6NjsYPaUmN7YTrvlj4rO7APGkOvwhoBKY/Zs69yyF/3hRu5f3V+bp+ZRG3M7lH/x7r+z1uJdpPy9zTaxxUgHQgawNcq1EjnM9piXayzkOzUyO/vMeuBamzj7fqrGDN3zHh2fodStR+Sb+0wp/CofkJA/qH8je+Gm0fwm7D6zCj8KrfJyB/UfyUe+JsVHOWXfrGJUsnQE9gJjYMd1R2RmXPK1p5/rOBR1ksmytUVUgcagU4GnbDXYKuoYD0hmKj00799PMwoC0Pvqe2DrtvVpZ1QA6g1rUaHLQj9CHg0hZqyWwpS8pY//AFS//IsdZtBAtVkNB6Vq8lJjk13PW8bO30p8hsubIYftu70mWf4tNlAFw9o1UsKNQHIdsTffRSPcZWfCLcnyzWomWFnOowmoIIlgclzwNpWEcqBoQcufthhvzaw2mzypcyWxmLMLtoqHKYAAtScsQ8CIXbMRUBhlVQc6ZVz8odtdCaT6kckxa3GK2mSP6iesRVIM+VTFpcRpaZH+rL/MIHQYm2mAFoncpv8A7CPbS2cCWhVmKg4RUUGVM6HrBjQ6jdGdqh+82gf1D7DA9/3t0ygLJMtQzNrl1qGlMIpnCWVf4Klhn4QRYTR1PBlOfJgYgAiWWIV7jwWg5/CBawwUK+IVr1WDID16Z64qHKmVCeVFtZuUQWu1s4oQvcDXfziMNEXD4UjViy8smwlZ5FaGhNBXhUgV7hnF6lwyhLImTWMoZ6gGtMz/ALGFcnXhvg+2W5XlywDMyWjA4aVFAKZCo15xWCpGfPLmlZYSrWBKtCkktMRMGRzKsx4Za76Ri+7arTZkwElWZc6EGlFBoDnXIxXSWO8bsjlAzTcTmu7TzihF/C7Rb/G0S0Eyj1XQkr1QqscqAjICnLKvKMW+04pYZtUVUGWoIIHfAl421JgWakpJTE+imgpUVrzy8I3kkTMCnRjn3Z6a6iHVLcnKTukwqwzQJMk1wgM4J0oMQPraJMIaaxltjUsFBbmAdBuFad0HWGxBBRa795OtK9laDwg5pDEALrUEZV0gPGpJ+ZbHklCSa6FaRLCvItE1pcupAopZ2BrRqKhQriGVCCANdxEs1mFomtiIZFQCqkrkBRQARhrpUakKeBgnaC75yEMqHBMKBjQ0qKhDrhzqezlFhcVxq6M0mZLZlUdJLGPFv6wqBjAFMxzyyqSmoOm9CEm5agVrborNNYTOuwlkjI1ImOMCoRlhDGpqfRXSPRBtPc8yUqNUdHMBw4ScmDdcGpO8V749BladBpMYfhAnVlN2r5S0HuhYkWgJZRXVpq0GpIVgxoP1rBm0j4JXRgEIetK39Xqgp906fZYcICsUismW+9pqqvJQwPiW17F4RvzXztLpFL2NfEPRLyXuD7T2kuxoapkQdxBzBHrgzZsfKWYcz7Yqr8OEld1cQ5VrVezhyMXGzC/K2fsJjBkfxGfF3X6HR7R/CPZCh8KS1WRyaYfJIbZx+R+6PVCX8KbmtnFfrSfGVCkxCjy74zGFOscAkUjCcxU5Zjv17vOBRGZkaqI5hRe3Sg+P2P8Ausp7+oYafhSasuzj7c71iFO5T+/WT+6z+WGGX4SWqtnH2pvrWEfeHXdYp2WUCB2ioqOPjzpBYstRTiBuzFNx5mvlFbJB0HfGzMdQPKKJiM0bIke/yg+5z+8SP9aV+dYrxB9z/wAxI/1pX/kWAzgza/8AmrR/f7FiG8VJR9SBryifbH+atP8AcPypEVrtSCXMXEKsAABnnnw01iMlqjSnUfkVAJGhI7DG8o5xHEtmWphmtQQaSMvGhMFtY2pp45f7+URfFm4Edx90DlY3aLxIaGCrDOXCAzLkvGh7PGMybGxNKV8fdAs2z4LRgbIY1rTgSD6jDKJKU9S4kyWbTTiTl7+6KmcmGYw4Ej1/qkOkqy7gcqAZ8u6FnaGTgmvUUxKCp3HJQR41irikifM5PUpA+VOcN2ySBkaoFQ2vaNPKE4Q87BO6y5hGIVZdQKHI0IrrqfKFjuDqmXsuUBwiQGm4eEWSCfvWvcvsjeszfLB+4fZFrHchTvG1CX0eCWgUFZbVRHABBCCjA0bMgHWhaAJO0jyDVZUgOagkIK0BI3NXOg1pplFltiSDJYoqENkcJXOoIJ40w/qsLl7PjnM7FSWCnqHKlABrUg5ceEQyQhKVS6gTfLaGW1WuZbrsmVljFLmgqEAHVJAOGpy61a9kegi7LyRLCMAp1QjD7QdSWrQ5k56fOMeh3SpCQtlNtdM+Ss6ChIlhm4jFQDxofAxiwEdBZ/8AXHliJHlEe0srDKkgmrlQztpUkincAAByECKjqkkoQMbZg6BgHAcfdrXjhEb88n20n5L8Gzibt35AN/TKuaaDLv3+GnbWL7ZYfLWf+z3Qv3woBAGgA7e39c4YtlT8vK5J7I8+feIQ7r9B9nN8gv8AanmBCX8KYq9n7JvrSHKf/BUck9kJXwoH5SR/ZM/MscyYlKvfHpa6xrWNQ0A4mpnGlkkNMdUQVYmgGkadLB1zzp4qLOjvUgnAhY5dgMdodqF3fKwW+zKdQbPXtopPnF58ID/wORm+tYEunZe1JPlz5spZMtGVjjdEyBqaAtirGdtJ6zDKwEMBjNVIO8a0/WUK9WOtEL0tstD27o3DDieMRSplMq0IOQNPbEtSRoDp2w5MhRcu+DLr/jyf9WV+dYGVsu/3RPYj8rKP9SX+dYAS12qTFa544svmiRVLdg4sx4AAD2+yLi/mra5jDPNDlp6CRMtN+XjAdlXTop7usBZcQOXdFrZLDhOZJ7gPbG9wyaSVLdXM5EGvqi3la+ifHP8AXOA1K9ALlrUGl2QnQUpwBJ9VfCIJqUOSmvFgR5RdLeuE4VCgj5uJcXrjf9qMcihHaQfChMck+obj0KSTKbXEfGKS/bGfjEpsyHKAnmCAfLDDdaLaBqorwoK953QtXmjzJyOAKLSgGVM619XhFBG0MqE8fVFVtRdxnSwUzdKkDippUduQI7Dxg0T4z8bpD0JYj7PAfGZNRUYhUHkDn7Y6Uj6UNKacYVrou6s7pyZXVxKUDDHjapxFfo0JzhnR4EECT1C1tj/TPifbGGvGYPneQ90D6xHMWsUoHMC7QWdrWFo2J6si9WhJwO9MhTVB4nnCAFIJBBBBII0II1B56x1eXddVlkYgVIcajMhgfJmHfCvtBdifGiWTUIxFWFascRNDqaUJ9sLKL3BGfQFsFmmLYyShwucWakgglQD30Bj0N17LSSwAAVcIAFMgCoAyOVBSMQslWh0JWihvu6hMly3xGgloCBuzMZtd19EtlFcQLt5I3viQXtJQKHmAEog4jQ6gb4xeVvlO0go4ObE500Sm/TdFskm80vU05m22KN//AMQww7LU6ZeUk/lhfv5wWqCKk7ou9nZirMNWXKSc6inoxml3hY91/IfrZ6CDmnrEKu391T7RNkiRKaZRGqQMhVhqTQDTjDHPtaEL10yZPnLuI5xR7W3o4dFlTQFKEtR6Ctd9D7Y5iLcXpWwc8Cs+dIkDeGfE3guR8YKXZ275X8SfOnngirLXxevrire0itTNFfskHzGne0araUGiqTxYkn9d8ChtC9S8rHK/l7FKJ3NMxTW7etQeBiSdtBa3H8QSk4CiDuC5+cLjWxiD1gP7aL5jPzgeWwJzYVO8n9VgUg2WVonAmpmM7cQMvFiD5xXl1+an4mLeQoPIxuafSEQu6jQxzAT3tPQqiyxkqJjOlZhAxUFaUByGQ38orFMEFcXVBFTz748lh3F0GVdf1+hBTsDRmy2YstRz3Ra2KwgEHBj4ViCyYgoWXQnUHHRdBnRjShIOdIZLLZ1VFBdclA9Jdw7oeKFZiUwOWg4UgxLLWnDhp+vCNKoPnr4iM9MumJPFYoqEdk5lKNRU9xH+8RMq8I1aYv01/GPfEM+2ouWJSe0ecdoCyZ5YpWuXOntgR7QTp4nI+G6IHtQY1LL4iMicv0l8RA0GTZnDyjwTlGenT6Q8RGwmr9NfEQVQGz2GJZNnxdm/3REZ66Bl8RG6zEHzl8RB0Ftlglilg1wgeUFJITifH3xVLalHzx+L/eJBb/6g7ysNoDUsWs3ON1sNfnHUZYeNBrXnAC3v9pPEe+N0vxa54TTP0gOQ9sHQGo0mZCptRPPS4aCnRq1d9QZg14aQau0Uvfl95T7Ypb/t8t5gKsP4ZBqRxJ484EmqDBajTfbgyX+7+ZYxFPb76ktZyA61ouuW9a6jOPRPI9Q400j/2Q==",http://www.bunrab.com/dailyfeed/2010May/dailyfeed_may-10_p1.html,http://www.alembicbar.com,"Classic handcrafted cocktails & an inventive bar food menu in a dimly lit, rustic space with booths.",37.769378,-122.451113,"1725 Haight St, San Francisco, CA 94117",Haight-Ashbury
11/6/2015 19:47:01,Northstar Cafe,1882,https://cdn0.vox-cdn.com/uploads/chorus_image/image/39106212/north_20star_20cafe.0.jpg,http://www.dresscodefinder.com/san-francisco/northstar-cafe,https://foursquare.com/v/northstar-cafe/3fd66200f964a5200fed1ee3,"Low-key bar pulling in sports fans, especially folks rooting for the Buffalo Bills & Sabres.",37.799385,-122.40879,1560 Powell St,North beach
11/6/2015 19:47:03,Old Ship Saloon,1851,http://www.examiner.com/images/blog/wysiwyg/image/oldship(2).jpg,http://www.dresscodefinder.com/san-francisco/the-old-ship-saloon,http://www.oldshipsaloon.com/,"Landmark saloon, converted from a 19th-century sailing ship, dispensing draft beer & pub grub.",37.79783,-122.400749,"298 Pacific Ave, San Francisco, CA 94111",Jackson Square
11/6/2015 19:48:13,Dogpatch Saloon,1912,http://assets3.thrillist.com/v1/image/835568/size/tl-horizontal_main/a-1912-staple-gets-an-update-from-the-83-proof-guys,https://www.thrillist.com/drink/san-francisco/dogpatch/dogpatch-saloon-a-1912-staple-gets-an-update-from-the-83-proof-guys,dogpatchsaloon.com/,This bar has been restored by the 83 Proof guys to highlight the old timey-ness of this historic place.,37.758009,-122.388567,"2496 3rd St, San Francisco, CA 94107",Dogpatch
11/6/2015 19:49:05,Hotel Utah,1908,http://gallivant.com/p/2013/06/hotel-utah-saloon-1.jpg,http://gallivant.com/sip/the-hotel-utah-saloon/,http://www.hotelutah.com/,"It was built in 1908, when the Barbary Coast was still going strong. 1908, the year Bette Davis was born. The year of the first Model T. Twenty-eight years before the Bay Bridge. This bar was standing before, during, and after Prohibition.
 
The Deininger family opened the saloon, and commissioned furniture makers in Belgium to design and create its ornate bar-back. They also served the city’s best beer, Fredericksburg, brought to The Utah by horse and carriage and lowered into the cellar in wooden kegs.

Gamblers, thieves, ladies up to no good, politicians, hustlers, friends of opium, goldseekers, godseekers, charlatans, police, fancy miscreants — they all visited The Utah. And that was when South of Market was just a lonely section of the San Francisco waterfront.
 
After the Bay Bridge was finished in 1936, SOMA came into its own. The saloon (and the hotel upstairs) was home to longshoremen, merchants, metal smiths, furniture makers, with traffic flowing back and forth between San Francisco and the East Bay.",37.756928,-122.405548,"1312 Utah Street, San Francisco, CA",SOMA
11/6/2015 19:49:11,La Rocca's Corner,1934,http://ww4.hdnux.com/photos/12/15/43/2676959/6/920x920.jpg,http://www.sfgate.com/bayarea/article/Leo-La-Rocca-his-North-Beach-saloon-was-2541697.php,https://www.google.com/#q=la+roccas+corner,"Long ago, a popular San Francisco hangout was La Rocca's Corner, a North Beach bar at Columbus and Taylor that's been around since the end of Prohibition.

Everyone went there: fishermen, showgirls, politicos, athletes, celebrities, even mobsters. It was at La Rocca's that Nick DeJohn, a Chicago racketeer, had his last drink in 1947 before he was found stuffed in his car trunk. And it was at La Rocca's barely 20 years later that socialite Gordon Getty met his sophisticated wife Ann.

It was that kind of place. ",37.803455,-122.414591,"957 Columbus San Francisco, CA 94133",North Beach
11/6/2015 19:50:32,Buena Vista Cafe,1912,https://tableagent.s3.amazonaws.com/media/xl/2554_5798.jpg,https://tableagent.com/san-francisco/buena-vista-cafe/,http://buenavistacafe.biz/,"Opened in 1916, this corner spot serves its signature Irish coffee alongside American staples.",37.806508,-122.42083,"2765 Hyde St, San Francisco, CA 94109",Fisherman's Wharf
11/6/2015 20:00:09,twin peaks,1935,https://thesanfranciscobarexperiment.files.wordpress.com/2010/04/dsc00361.jpg,http://www.twinpeakstavern.com/home.html,http://www.twinpeakstavern.com/home.html,"classic tavern
hillside views
",0,0,101 castro street,castro
11/6/2015 19:51:26,House of Shields,1908,http://ww2.hdnux.com/photos/07/56/05/2023797/5/920x920.jpg,http://www.sfgate.com/bayarea/nativeson/article/House-of-Shields-restored-and-ready-for-business-2461731.php,https://www.zagat.com/n/the-house-of-shields-san-francisco,"Recently restored landmark bar, which was one of the last in the City to admit women.  C.f. http://www.sfgate.com/bayarea/nativeson/article/House-of-Shields-restored-and-ready-for-business-2461731.php viewed Nov. 6, 2015",37.788215,-122.400969,"39 New Montgomery St., San Francisco, CA 94105",SoMA
11/6/2015 19:52:33,Tony Nik's Cafe,1933,http://s3-media3.fl.yelpcdn.com/bphoto/dmt3vpH4Juonuwq0mlRmsQ/o.jpg,http://www.yelp.com/biz_photos/tony-niks-cafe-san-francisco?select=dmt3vpH4Juonuwq0mlRmsQ,http://www.tonyniks.com/,Locals sip classic & contemporary cocktails in this candlelit bar with an old-school vibe.,37.801226,-122.409084,1534 Stockton Avenue,North Beach
11/6/2015 19:53:00,Bus Stop Saloon,1900,http://s3-media4.fl.yelpcdn.com/bphoto/OUiWo0YxwvjIkYQ4YJfJiw/ls.jpg,https://www.google.com/url?sa=i&rct=j&q=&esrc=s&source=images&cd=&cad=rja&uact=8&ved=0CAMQjxxqFQoTCMCGj5TJ_MgCFUFVYwod5Y0FBQ&url=http%3A%2F%2Fwww.yelp.com%2Fbiz%2Fbus-stop-san-francisco&psig=AFQjCNGPnEp_egFFoEbNvRra-W3bGbtEMA&ust=1446925898498945,http://www.busstop-sf.com,"As the oldest bar in the Marina, Bus Stop Saloon has been family run for more than 100 years.",37.797468,-122.430759,"1901 Union St, San Francisco, CA 94123",Marina
11/6/2015 20:10:30,red's Java House,1912,http://thehamblogger.com/wp-content/uploads/2010/04/reds4.jpg,http://thehamblogger.com/111/reds-java-house/,http://redsjavahouse.com/index2.php#/home/,"Waterside hangout has burgers, hot dogs, beer & more, with indoor & sidewalk seating for bay views.",37.788226,-122.387463,38 Bryant St,pier 30
11/6/2015 19:55:22,Molloy's Tavern,1901,http://www.sfbanjoband.com/galleryv1/images2/slides/molloys.jpg,http://www.sfbanjoband.com/venues.php,http://www.yelp.com/biz/molloys-tavern-south-san-francisco,An old cool bar near the graveyards.,37.670083,-122.451038,"1655 Mission Rd # 6, South San Francisco, CA",Colma
11/6/2015 19:55:30,Horseshoe Tavern,1934,http://s3-media2.fl.yelpcdn.com/bphoto/Xeah3BNOptS4r2SVtjPATw/ls.jpg,https://www.google.com/url?sa=i&rct=j&q=&esrc=s&source=images&cd=&cad=rja&uact=8&ved=0CAMQjxxqFQoTCKebiuHJ_MgCFRDmYwodEvsGlg&url=http%3A%2F%2Fwww.yelp.com%2Fbiz%2Fhorseshoe-tavern-san-francisco&psig=AFQjCNGgqEC1fk_mbwU3kU_aglh40LXOeQ&ust=1446926058641390,"https://www.google.com/url?sa=t&rct=j&q=&esrc=s&source=web&cd=1&cad=rja&uact=8&ved=0CB4QFjAAahUKEwjw16XJyfzIAhVG6GMKHS6GAL4&url=http%3A%2F%2Fhorseshoetavern-sf.com%2F&usg=AFQjCNHLvhb3ml3FkqgH-ORvrYkXqE8bcA&sig2=X0BfoT_AZPRdz5gd1giNww&bvm=bv.106923889,d.cGc","Basic watering hole dating from 1934, showing sports on TV & offering a number of beers on tap.",37.800878,-122.436922,"2024 Chestnut St, San Francisco, CA 94123",Marina
11/6/2015 19:55:38,Redwood Room,1933,http://davidkiyokawa.com/blog/wp-content/uploads/2009/05/redwood-room.jpg,http://davidkiyokawa.com/blog/?p=3091,https://www.morganshotelgroup.com/originals/originals-clift-san-francisco/eat-drink/redwood-room,Sophisticated Downtown hot spot starring super-expensive cocktails & an elegant wood interior.,37.788,-122.411,"495 Geary St, San Francisco, CA 94102",Union Square